text_mode,representation,community_track,difficulty,k,examples,communities,accuracy,accuracy_ci95_low,accuracy_ci95_high,macro_community_accuracy,probability_source,nll,brier,ece_15,aurc,latency_ms_p50,latency_ms_p95,mean_input_tokens,mean_output_tokens,mean_forward_count,api_cost_usd
title,anonymous-id+description,all,hard,4,2484,1242,0.6252012882447665,0.605877616747182,0.644927536231884,0.6252012882447665,native,1.1358671628494008,0.5061074600984716,0.10456196424795457,0.19238133044962533,175.5413819725315,223.93753275585672,310.92807300053676,73.86634460547504,0.3333333333333333,0.032438504
title,anonymous-id+description,all,hard,16,2484,1242,0.4834943639291465,0.46296296296296297,0.5052334943639292,0.4834943639291465,native,2.8676001292051407,0.6826570790617343,0.13440979846776946,0.30266278412890957,176.94841666767996,223.2866964691008,870.8365539452496,194.86634460547506,0.3333333333333333,0.090852636
title,anonymous-id+description,all,hard,64,2484,1242,0.4106280193236715,0.391304347826087,0.42995169082125606,0.4106280193236715,native,5.702294633021384,0.769132728971591,0.15651287431480668,0.37063975021519363,211.1810486530885,255.90294437327734,3119.9417606011807,674.8663446054751,0.3333333333333333,0.325497284
title,anonymous-id+description,all,random,4,2484,1242,0.9170692431561996,0.9057971014492754,0.9283514492753623,0.9170692431561996,native,0.236847351313516,0.12016971541239098,0.017972925714471663,0.010350499715694699,175.5413819725315,223.93753275585672,310.92807300053676,73.86634460547504,0.3333333333333333,0.032438504
title,anonymous-id+description,all,random,16,2484,1242,0.783816425120773,0.7673107890499195,0.7991143317230274,0.783816425120773,native,0.8889364943228881,0.29599026468100054,0.016569357016216934,0.05312272256299948,176.94841666767996,223.2866964691008,870.8365539452496,194.86634460547506,0.3333333333333333,0.090852636
title,anonymous-id+description,all,random,64,2484,1242,0.6392914653784219,0.6203703703703703,0.6602254428341385,0.6392914653784219,native,2.7982159389246886,0.4876847488943009,0.059336846728151094,0.13774450789437198,211.1810486530885,255.90294437327734,3119.9417606011807,674.8663446054751,0.3333333333333333,0.325497284
title,anonymous-id+description,all,semantic,4,2484,1242,0.8313204508856683,0.8164251207729468,0.8458132045088567,0.8313204508856683,native,0.45937713766999455,0.22813619982909494,0.01704821971730181,0.03977773683633894,175.5413819725315,223.93753275585672,310.92807300053676,73.86634460547504,0.3333333333333333,0.032438504
title,anonymous-id+description,all,semantic,16,2484,1242,0.6465378421900161,0.6280193236714976,0.6650664251207729,0.6465378421900161,native,1.7398236301885401,0.4792481238892282,0.06492143658810325,0.14482371744708752,176.94841666767996,223.2866964691008,870.8365539452496,194.86634460547506,0.3333333333333333,0.090852636
title,anonymous-id+description,all,semantic,64,2484,1242,0.4758454106280193,0.45691425120772944,0.4955817230273752,0.4758454106280193,native,5.0084743086535894,0.6939975246372211,0.1284188503391402,0.29731697796249995,211.1810486530885,255.90294437327734,3119.9417606011807,674.8663446054751,0.3333333333333333,0.325497284
title,anonymous-id+description,seen,hard,4,1988,994,0.5990945674044266,0.5769491951710262,0.6202339034205231,0.5990945674044266,native,1.2183586123964854,0.5392183989355992,0.11612051094445461,0.21840792302067027,176.29804167275628,225.76814866236717,310.79560697518446,73.66666666666667,0.33333333333333326,0.02595019
title,anonymous-id+description,seen,hard,16,1988,994,0.45422535211267606,0.43259557344064387,0.47484909456740443,0.45422535211267606,native,3.085092516038907,0.7125991244169434,0.14539016929862,0.332814303413109,177.58474316603193,224.80305608284348,870.3854795439303,194.66666666666666,0.33333333333333326,0.072673706
title,anonymous-id+description,seen,hard,64,1988,994,0.386317907444668,0.3641851106639839,0.40796026156941645,0.386317907444668,native,5.9938608296006155,0.7939558863332017,0.16595222852265104,0.3980712414799057,212.21252779165903,257.97950756968925,3117.0397384305834,674.6666666666666,0.33333333333333326,0.26026035
title,anonymous-id+description,seen,random,4,1988,994,0.920020120724346,0.9079476861167002,0.9310865191146881,0.920020120724346,native,0.23257959547474785,0.11613913257116415,0.018469300652399247,0.009393932218291797,176.29804167275628,225.76814866236717,310.79560697518446,73.66666666666667,0.33333333333333326,0.02595019
title,anonymous-id+description,seen,random,16,1988,994,0.7857142857142857,0.7681086519114688,0.802829476861167,0.7857142857142857,native,0.8244040849244887,0.2898683942959871,0.016430451395240072,0.05045591920122545,177.58474316603193,224.80305608284348,870.3854795439303,194.66666666666666,0.33333333333333326,0.072673706
title,anonymous-id+description,seen,random,64,1988,994,0.6443661971830986,0.6222334004024145,0.6644869215291751,0.6443661971830986,native,2.7084683762237147,0.47776260373176715,0.057482877060341865,0.13136262283881323,212.21252779165903,257.97950756968925,3117.0397384305834,674.6666666666666,0.33333333333333326,0.26026035
title,anonymous-id+description,seen,semantic,4,1988,994,0.81841046277666,0.8008048289738431,0.8345196177062374,0.81841046277666,native,0.4967086505409399,0.24303394910838358,0.022700699144361135,0.04552403300414083,176.29804167275628,225.76814866236717,310.79560697518446,73.66666666666667,0.33333333333333326,0.02595019
title,anonymous-id+description,seen,semantic,16,1988,994,0.6242454728370221,0.6016096579476862,0.6448692152917505,0.6242454728370221,native,1.8564419708497568,0.5029954365207673,0.07257789159197611,0.15869163325931082,177.58474316603193,224.80305608284348,870.3854795439303,194.66666666666666,0.33333333333333326,0.072673706
title,anonymous-id+description,seen,semantic,64,1988,994,0.4537223340040241,0.43207997987927566,0.4753772635814889,0.4537223340040241,native,5.283716148726566,0.7178462142203287,0.13513769485600474,0.3195234350536639,212.21252779165903,257.97950756968925,3117.0397384305834,674.6666666666666,0.33333333333333326,0.26026035
title,anonymous-id+description,unseen,hard,4,496,248,0.7298387096774194,0.6895161290322581,0.7681451612903226,0.7298387096774194,native,0.8052361110356823,0.3733966810496625,0.07750875692407949,0.11047299071513275,172.39223603003967,209.5269860001281,311.4590053763441,74.66666666666667,0.3333333333333333,0.006488314
title,anonymous-id+description,unseen,hard,16,496,248,0.6008064516129032,0.5584173387096775,0.6431451612903226,0.6008064516129032,native,1.9958766110085129,0.5626474295331944,0.10555127891821439,0.20618520035839064,173.38646517600864,212.03363217258206,872.6444892473119,195.66666666666666,0.3333333333333333,0.01817893
title,anonymous-id+description,unseen,hard,64,496,248,0.5080645161290323,0.46365927419354835,0.5524193548387096,0.5080645161290323,native,4.533678506409459,0.669639912772232,0.12752586347344416,0.2762190568311966,207.60206951914975,252.3793646056826,3131.5732526881725,675.6666666666666,0.3333333333333333,0.065236934
title,anonymous-id+description,unseen,random,4,496,248,0.905241935483871,0.8809979838709678,0.9314516129032258,0.905241935483871,native,0.25395279205438526,0.13632455147763065,0.027861070381231676,0.014235476694036275,172.39223603003967,209.5269860001281,311.4590053763441,74.66666666666667,0.3333333333333333,0.006488314
title,anonymous-id+description,unseen,random,16,496,248,0.7762096774193549,0.7379032258064516,0.8104838709677419,0.7762096774193549,native,1.1475865545729245,0.320527116143514,0.042978168784620366,0.06630768280440105,173.38646517600864,212.03363217258206,872.6444892473119,195.66666666666666,0.3333333333333333,0.01817893
title,anonymous-id+description,unseen,random,64,496,248,0.6189516129032258,0.5785786290322581,0.6633064516129032,0.6189516129032258,native,3.1579299603955255,0.5274533468441337,0.06823517432388401,0.16545826151007414,207.60206951914975,252.3793646056826,3131.5732526881725,675.6666666666666,0.3333333333333333,0.065236934
title,anonymous-id+description,unseen,semantic,4,496,248,0.8830645161290323,0.8548387096774194,0.9093245967741935,0.8830645161290323,native,0.30975002559854453,0.16842505957259135,0.01713954056696001,0.019630039236133275,172.39223603003967,209.5269860001281,311.4590053763441,74.66666666666667,0.3333333333333333,0.006488314
title,anonymous-id+description,unseen,semantic,16,496,248,0.7358870967741935,0.697530241935484,0.7741935483870968,0.7358870967741935,native,1.2724097970544719,0.38406736277733344,0.05420902574128382,0.09603401488564019,173.38646517600864,212.03363217258206,872.6444892473119,195.66666666666666,0.3333333333333333,0.01817893
title,anonymous-id+description,unseen,semantic,64,496,248,0.5645161290322581,0.5221774193548387,0.6048891129032258,0.5645161290322581,native,3.905287256103032,0.598410438162992,0.10148928804170738,0.22183656009890676,207.60206951914975,252.3793646056826,3131.5732526881725,675.6666666666666,0.3333333333333333,0.065236934
title,name-only,all,hard,4,2484,1242,0.6199677938808373,0.6006441223832528,0.6388888888888888,0.6199677938808373,native,1.0054606010200007,0.49438497317224694,0.0883294702256055,0.18563215651202689,175.0859513413161,225.33267167552063,210.7973698336017,76.75925925925925,0.3333333333333333,0.021992068
title,name-only,all,hard,16,2484,1242,0.4887278582930757,0.4706018518518518,0.5084641706924315,0.4887278582930757,native,2.9930736218898475,0.6826159490363877,0.12537862522162038,0.30051477669214516,175.66818751705188,223.26116463324675,469.50053676865275,219.04696725711221,0.3333333333333333,0.048982052
title,name-only,all,hard,64,2484,1242,0.4074074074074074,0.38887882447665056,0.42592592592592593,0.4074074074074074,native,6.29278827991305,0.7825500298779857,0.16571345500089463,0.375560146994655,179.52994431834668,223.2127222698182,1505.195652173913,784.7850241545893,0.3333333333333333,0.157034052
title,name-only,all,random,4,2484,1242,0.8973429951690821,0.8844605475040258,0.9090277777777778,0.8973429951690821,native,0.27499720973513214,0.14689362613923684,0.026555856471315448,0.015638733465283265,175.0859513413161,225.33267167552063,210.7973698336017,76.75925925925925,0.3333333333333333,0.021992068
title,name-only,all,random,16,2484,1242,0.7612721417069244,0.7435587761674718,0.7789855072463768,0.7612721417069244,native,1.0529640185969722,0.32015719869690246,0.014413458254037967,0.060945576307627654,175.66818751705188,223.26116463324675,469.50053676865275,219.04696725711221,0.3333333333333333,0.048982052
title,name-only,all,random,64,2484,1242,0.6151368760064412,0.5950080515297906,0.6332729468599034,0.6151368760064412,native,3.2939714348613593,0.519380751651915,0.07171294263081704,0.15853557240621372,179.52994431834668,223.2127222698182,1505.195652173913,784.7850241545893,0.3333333333333333,0.157034052
title,name-only,all,semantic,4,2484,1242,0.8256843800322061,0.8103864734299517,0.8393719806763285,0.8256843800322061,native,0.5085957063447595,0.2451870911739428,0.025790107191073348,0.0448052709256068,175.0859513413161,225.33267167552063,210.7973698336017,76.75925925925925,0.3333333333333333,0.021992068
title,name-only,all,semantic,16,2484,1242,0.6348631239935588,0.6171497584541062,0.6525764895330113,0.6348631239935588,native,1.8631760989155715,0.4888271292850101,0.058403763886855656,0.14420694947588536,175.66818751705188,223.26116463324675,469.50053676865275,219.04696725711221,0.3333333333333333,0.048982052
title,name-only,all,semantic,64,2484,1242,0.46819645732689213,0.4496779388083736,0.48712761674718197,0.46819645732689213,native,5.746320496711518,0.7089488183696132,0.13578209632557459,0.30249823843266654,179.52994431834668,223.2127222698182,1505.195652173913,784.7850241545893,0.3333333333333333,0.157034052
title,name-only,seen,hard,4,1988,994,0.5915492957746479,0.5689134808853119,0.6131790744466801,0.5915492957746479,native,1.084382841286272,0.5322572016631981,0.10420858484238765,0.21627877748831828,176.26169432575503,227.74049097982544,211.00352112676057,76.658953722334,0.33333333333333326,0.01761795
title,name-only,seen,hard,16,1988,994,0.46579476861167,0.44465543259557344,0.4889461770623742,0.46579476861167,native,3.2531117557758513,0.7138875558626734,0.13353215251102574,0.33082178714498167,176.461673535717,224.65739216422656,470.3046613011402,219.2510060362173,0.33333333333333326,0.039268558
title,name-only,seen,hard,64,1988,994,0.38983903420523136,0.3697057344064386,0.4104627766599598,0.38983903420523136,native,6.6628922062769025,0.8055408053257818,0.16981561083673763,0.3983904968545013,180.22860415900746,227.9986409548049,1508.5340375586857,786.2570422535211,0.33333333333333326,0.125956558
title,name-only,seen,random,4,1988,994,0.9049295774647887,0.892354124748491,0.9164989939637826,0.9049295774647887,native,0.2649678699479443,0.1398153621350591,0.03394041013759325,0.0140077549934363,176.26169432575503,227.74049097982544,211.00352112676057,76.658953722334,0.33333333333333326,0.01761795
title,name-only,seen,random,16,1988,994,0.7665995975855131,0.748478370221328,0.7857142857142857,0.7665995975855131,native,0.9324475783156208,0.31011960341787487,0.022266731703351424,0.05726731850649127,176.461673535717,224.65739216422656,470.3046613011402,219.2510060362173,0.33333333333333326,0.039268558
title,name-only,seen,random,64,1988,994,0.6237424547283702,0.6026031187122737,0.6453722334004024,0.6237424547283702,native,3.1205376236987674,0.5088064102603582,0.06503038432615897,0.152091143165291,180.22860415900746,227.9986409548049,1508.5340375586857,786.2570422535211,0.33333333333333326,0.125956558
title,name-only,seen,semantic,4,1988,994,0.8143863179074446,0.7972837022132797,0.8319919517102615,0.8143863179074446,native,0.5216953368427348,0.2594230682328847,0.025082362864053045,0.05003939480406785,176.26169432575503,227.74049097982544,211.00352112676057,76.658953722334,0.33333333333333326,0.01761795
title,name-only,seen,semantic,16,1988,994,0.6161971830985915,0.5925427565392355,0.6368335010060362,0.6161971830985915,native,1.9411230891450584,0.5088904456429425,0.06424902953071965,0.15689667081982991,176.461673535717,224.65739216422656,470.3046613011402,219.2510060362173,0.33333333333333326,0.039268558
title,name-only,seen,semantic,64,1988,994,0.44969818913480886,0.4275653923541248,0.46981891348088534,0.44969818913480886,native,6.023594603267934,0.7324958403620375,0.13970006910147756,0.3240313432489626,180.22860415900746,227.9986409548049,1508.5340375586857,786.2570422535211,0.33333333333333326,0.125956558
title,name-only,unseen,hard,4,496,248,0.7338709677419355,0.6955141129032258,0.7741935483870968,0.7338709677419355,native,0.6891351702753492,0.3425906380109337,0.05408785434995111,0.09107294700431368,170.07843750373772,205.72289234648147,209.9711021505376,77.16129032258064,0.3333333333333333,0.004374118
title,name-only,unseen,hard,16,496,248,0.5806451612903226,0.5362903225806451,0.625,0.5806451612903226,native,1.9508240046209455,0.5572773313536143,0.0972148908439231,0.20107202413520173,172.25400001431507,209.81332991505042,466.2775537634409,218.22916666666666,0.3333333333333333,0.009713494
title,name-only,unseen,hard,64,496,248,0.4778225806451613,0.43548387096774194,0.5241935483870968,0.4778225806451613,native,4.809387865374058,0.6904015186073836,0.14927174975562071,0.2976982212084499,177.27354847981283,209.87375711168474,1491.815188172043,778.8850806451613,0.3333333333333333,0.031077494
title,name-only,unseen,random,4,496,248,0.8669354838709677,0.8366935483870968,0.8971774193548387,0.8669354838709677,native,0.3151954506563606,0.17526376493017498,0.029982282502443797,0.02259607512945899,170.07843750373772,205.72289234648147,209.9711021505376,77.16129032258064,0.3333333333333333,0.004374118
title,name-only,unseen,random,16,496,248,0.7399193548387096,0.7036290322580645,0.782258064516129,0.7399193548387096,native,1.5360016864988413,0.3603885281620375,0.06858993157380255,0.07816122632374307,172.25400001431507,209.81332991505042,466.2775537634409,218.22916666666666,0.3333333333333333,0.009713494
title,name-only,unseen,random,64,496,248,0.5806451612903226,0.5382560483870968,0.6210181451612903,0.5806451612903226,native,3.989105339279167,0.5617633941648482,0.09849706744868032,0.18645350349866532,177.27354847981283,209.87375711168474,1491.815188172043,778.8850806451613,0.3333333333333333,0.031077494
title,name-only,unseen,semantic,4,496,248,0.8709677419354839,0.8407258064516129,0.8991935483870968,0.8709677419354839,native,0.4560915421714228,0.18812837667157073,0.036167114695340515,0.03084754124152945,170.07843750373772,205.72289234648147,209.9711021505376,77.16129032258064,0.3333333333333333,0.004374118
title,name-only,unseen,semantic,16,496,248,0.7096774193548387,0.6693548387096774,0.75,0.7096774193548387,native,1.550759533237708,0.4084120629149099,0.055581622678396864,0.09998767901288091,172.25400001431507,209.81332991505042,466.2775537634409,218.22916666666666,0.3333333333333333,0.009713494
title,name-only,unseen,semantic,64,496,248,0.5423387096774194,0.49798387096774194,0.5846774193548387,0.5423387096774194,native,4.63498798898137,0.6145708350612676,0.12007860866731837,0.2308316435834167,177.27354847981283,209.87375711168474,1491.815188172043,778.8850806451613,0.3333333333333333,0.031077494
