text_mode,representation,community_track,difficulty,k,examples,communities,accuracy,accuracy_ci95_low,accuracy_ci95_high,macro_community_accuracy,nll,brier,ece_15,aurc,latency_ms_p50,latency_ms_p95,mean_input_tokens,api_cost_usd
title,anonymous-id+description,seen,hard,4,9904,994,0.2886712439418417,0.27998535945072694,0.29735712843295636,0.28950049503369424,1.5939959960928307,0.8401022684710179,0.21733830269825935,0.6848151296203785,7.875097158830613,14.15785769543921,165.2532310177706,0.0
title,anonymous-id+description,seen,hard,8,9904,994,0.1684168012924071,0.16084410339256866,0.1755906704361874,0.16862803806968799,2.331511688631509,0.9483182400195406,0.2002679119001357,0.806323683176718,9.78643751780813,14.672872301889585,248.18608642972535,0.0
title,anonymous-id+description,seen,hard,16,9904,994,0.08683360258481422,0.0815831987075929,0.09249040791599354,0.0873778384593274,3.0441258436736383,0.9848836440988716,0.1588044030344209,0.8840961829733215,10.525013824614387,15.64231162580351,272.60928244480345,0.0
title,anonymous-id+description,seen,hard,32,9904,994,0.03836833602584814,0.034935379644588045,0.04220516962843296,0.038497652582159626,4.159332967793797,1.0546101056564279,0.20215655029975768,0.953460483220849,10.621076352739086,15.708258332839868,262.1845718901454,0.0
title,anonymous-id+description,seen,hard,64,9904,994,0.017467689822294023,0.01504190226171244,0.019994446688206782,0.017555331991951712,4.3700282135783795,0.9957542975284266,0.05188555476213594,0.9823816075448302,12.399770823928218,16.78047828221073,283.1845718901454,0.0
title,anonymous-id+description,seen,random,4,9904,994,0.3581381260096931,0.3486444870759289,0.3683360258481422,0.35865989588323594,1.4644858531252678,0.7747348474346373,0.173076636265951,0.5568824113701589,7.875097158830613,14.15785769543921,165.2532310177706,0.0
title,anonymous-id+description,seen,random,8,9904,994,0.20638126009693053,0.19809925282714055,0.21456229806138932,0.2067396442144933,2.209532785599995,0.9154298458210569,0.18022657797749744,0.7366226427868565,9.78643751780813,14.672872301889585,248.18608642972535,0.0
title,anonymous-id+description,seen,random,16,9904,994,0.11601373182552505,0.10975111066235864,0.122281401453958,0.11630537191402382,2.9448376712976576,0.96678671041812,0.14017834129387918,0.8294582662939284,10.525013824614387,15.64231162580351,272.60928244480345,0.0
title,anonymous-id+description,seen,random,32,9904,994,0.04604200323101777,0.04200070678513732,0.05038620759289176,0.046132349653476415,4.033439683334768,1.0339783034761247,0.1743130122464444,0.9338170147099562,10.621076352739086,15.708258332839868,262.1845718901454,0.0
title,anonymous-id+description,seen,random,64,9904,994,0.014640549273021001,0.012517669628432957,0.016965367528271404,0.014630640988789882,4.371451705202368,0.9956111508102415,0.054712695311408974,0.9822156444678125,12.399770823928218,16.78047828221073,283.1845718901454,0.0
title,anonymous-id+description,seen,semantic,4,9904,994,0.3241114701130856,0.31512520193861066,0.3339080169628433,0.32408977675577266,1.536121839158906,0.8120898071200056,0.19874126589367053,0.626818825181267,7.875097158830613,14.15785769543921,165.2532310177706,0.0
title,anonymous-id+description,seen,semantic,8,9904,994,0.18962035541195477,0.1816437802907916,0.19658976171243941,0.18958073839864584,2.2609439731827496,0.9294131631685848,0.18290661604709324,0.7680625803328768,9.78643751780813,14.672872301889585,248.18608642972535,0.0
title,anonymous-id+description,seen,semantic,16,9904,994,0.09157915993537964,0.08561944668820679,0.09693053311793215,0.09150019162594615,3.0053198363935283,0.9785209968965597,0.15319531480294052,0.8746163235541153,10.525013824614387,15.64231162580351,272.60928244480345,0.0
title,anonymous-id+description,seen,semantic,32,9904,994,0.04341680129240711,0.039075121163166394,0.04705422051696284,0.04351665548848648,4.0809542094200895,1.0418380431870093,0.18521483048528112,0.941998237639283,10.621076352739086,15.708258332839868,262.1845718901454,0.0
title,anonymous-id+description,seen,semantic,64,9904,994,0.01635702746365105,0.013933764135702747,0.018780290791599354,0.01632014308070646,4.365769683584261,0.9956839726410821,0.05299621712077892,0.9819260262676217,12.399770823928218,16.78047828221073,283.1845718901454,0.0
title,anonymous-id+description,unseen,hard,4,2480,248,0.3467741935483871,0.3286290322580645,0.3657358870967742,0.3467741935483871,1.4505168245657742,0.775203655184557,0.15915256857297205,0.5775864254438173,7.285319501534104,11.729608452878892,164.00645161290322,0.0
title,anonymous-id+description,unseen,hard,8,2480,248,0.20725806451612902,0.19193548387096773,0.22379032258064516,0.20725806451612905,2.188824520802584,0.9065819634519175,0.1597440728015992,0.7395054180291518,9.254228983384866,10.824527870863674,248.82903225806453,0.0
title,anonymous-id+description,unseen,hard,16,2480,248,0.10120967741935484,0.09031249999999999,0.11210685483870966,0.10120967741935484,2.9498973843654084,0.9711011396945192,0.1391461063260541,0.8704152126818845,9.76798599973942,11.310341634089127,273.0642473118279,0.0
title,anonymous-id+description,unseen,hard,32,2480,248,0.034274193548387094,0.027016129032258064,0.041935483870967745,0.034274193548387094,4.282493971977953,1.0622563115902746,0.20629295737301143,0.9659789086935942,10.234486156453688,11.822574300458653,261.8048387096774,0.0
title,anonymous-id+description,unseen,hard,64,2480,248,0.017741935483870968,0.0125,0.02339717741935483,0.017741935483870968,4.345341549811481,0.9949879991040992,0.04932311058220086,0.9810856066470761,12.049937484941136,13.04060254478827,282.8048387096774,0.0
title,anonymous-id+description,unseen,random,4,2480,248,0.35846774193548386,0.33910282258064517,0.37701612903225806,0.3584677419354839,1.4678832252035245,0.7770902925185476,0.17563990936020313,0.5777883457601349,7.285319501534104,11.729608452878892,164.00645161290322,0.0
title,anonymous-id+description,unseen,random,8,2480,248,0.20161290322580644,0.18588709677419354,0.21733870967741936,0.20161290322580644,2.259141435810824,0.9302121603039174,0.20651130982514,0.7383537907115282,9.254228983384866,10.824527870863674,248.82903225806453,0.0
title,anonymous-id+description,unseen,random,16,2480,248,0.0967741935483871,0.08588709677419355,0.10846774193548388,0.0967741935483871,2.985986843878285,0.9812813596468927,0.1604259615369249,0.8838558748720826,9.76798599973942,11.310341634089127,273.0642473118279,0.0
title,anonymous-id+description,unseen,random,32,2480,248,0.04314516129032258,0.03547379032258065,0.05161290322580645,0.04314516129032258,4.034931624786613,1.0330444277121702,0.165277020841843,0.9451125638024128,10.234486156453688,11.822574300458653,261.8048387096774,0.0
title,anonymous-id+description,unseen,random,64,2480,248,0.016935483870967744,0.012096774193548387,0.022187499999999992,0.016935483870967744,4.37445296587816,0.9955774791725139,0.05012956219510408,0.981426726273163,12.049937484941136,13.04060254478827,282.8048387096774,0.0
title,anonymous-id+description,unseen,semantic,4,2480,248,0.3467741935483871,0.32741935483870965,0.36492943548387097,0.3467741935483871,1.4791425184981164,0.7860575301586861,0.17873843529769523,0.5893661522518895,7.285319501534104,11.729608452878892,164.00645161290322,0.0
title,anonymous-id+description,unseen,semantic,8,2480,248,0.19193548387096773,0.17660282258064516,0.20806451612903226,0.19193548387096776,2.2485231124385385,0.9229346315341203,0.18661322174202022,0.7577111544297837,9.254228983384866,10.824527870863674,248.82903225806453,0.0
title,anonymous-id+description,unseen,semantic,16,2480,248,0.10766129032258065,0.09556451612903226,0.11975806451612903,0.10766129032258066,2.9789357768837506,0.9718729644017018,0.1345571515359652,0.8628062353762062,9.76798599973942,11.310341634089127,273.0642473118279,0.0
title,anonymous-id+description,unseen,semantic,32,2480,248,0.04314516129032258,0.03588709677419355,0.05121975806451612,0.04314516129032258,4.16161299187015,1.045655040098956,0.18234225507712723,0.9472113511775557,10.234486156453688,11.822574300458653,261.8048387096774,0.0
title,anonymous-id+description,unseen,semantic,64,2480,248,0.013306451612903225,0.009274193548387096,0.018145161290322582,0.013306451612903227,4.3903675921839715,0.9966467270582048,0.05375859445316861,0.9901254317804749,12.049937484941136,13.04060254478827,282.8048387096774,0.0
title,name-only,seen,hard,4,9904,994,0.3548061389337641,0.3456154079159935,0.36420133279483036,0.354513589473348,1.5490012707835819,0.7990435217034249,0.20979074302027895,0.5444665070581328,3.818097000475973,6.469466688577086,61.64179456112009,0.0
title,name-only,seen,hard,8,9904,994,0.2579765751211632,0.24888681340872376,0.2665614903069467,0.2578642489859794,2.330834446285428,0.9338243869771453,0.2572681597740679,0.6140661400823603,4.4516390189528465,8.095748813745256,85.16811389337641,0.0
title,name-only,seen,hard,16,9904,994,0.19254846526655897,0.18456936591276252,0.20072950323101776,0.19229863306825076,3.231186860898028,1.0220071045303007,0.28620928410314356,0.6829517871177416,5.952742998488247,10.767882707295941,132.21843026386645,0.0
title,name-only,seen,hard,32,9904,994,0.14882875605815832,0.14206128836833604,0.15599757673667206,0.14856719683178435,4.091595805255371,1.0642567135629344,0.2833753013712744,0.743422031857564,9.361201334589472,15.046409812445447,226.57697226709743,0.0
title,name-only,seen,hard,64,9904,994,0.08380452342487883,0.07855411954765751,0.08946385298869143,0.0835345405767941,6.2634460686040905,1.2094391991392703,0.4005075050986574,0.8536705091840363,10.769805521704257,17.3244874982629,283.1845718901454,0.0
title,name-only,seen,random,4,9904,994,0.5245355411954766,0.514938408723748,0.5337262722132471,0.5249748490945674,1.1333608592786795,0.599038633019126,0.06832070915980958,0.2937431332966552,3.818097000475973,6.469466688577086,61.64179456112009,0.0
title,name-only,seen,random,8,9904,994,0.41468093699515346,0.40508632875605816,0.4241720516962843,0.4143288301235987,1.7781846096329716,0.7465520139323981,0.1383883340886003,0.3826676312757887,4.4516390189528465,8.095748813745256,85.16811389337641,0.0
title,name-only,seen,random,16,9904,994,0.3081583198707593,0.2986672051696284,0.3174474959612278,0.30792852352208483,2.5810253446930376,0.8749690314455614,0.20129313902160675,0.48785508891364787,5.952742998488247,10.767882707295941,132.21843026386645,0.0
title,name-only,seen,random,32,9904,994,0.2166801292407108,0.2085016155088853,0.22475767366720517,0.21679202197310848,3.4553701530277268,0.9681988308049186,0.22274537523581558,0.6110494667786446,9.361201334589472,15.046409812445447,226.57697226709743,0.0
title,name-only,seen,random,64,9904,994,0.13206785137318255,0.1255048465266559,0.13943861066235863,0.13176679122353166,5.451442968063823,1.1265713969408684,0.34143037048428804,0.752627996454555,10.769805521704257,17.3244874982629,283.1845718901454,0.0
title,name-only,seen,semantic,4,9904,994,0.47687802907915994,0.46637722132471726,0.48697748384491113,0.4768096675289834,1.2441502794813173,0.6507203547530848,0.1035441390448198,0.35140919495492096,3.818097000475973,6.469466688577086,61.64179456112009,0.0
title,name-only,seen,semantic,8,9904,994,0.3598546042003231,0.35045941033925687,0.3689418416801292,0.35982322506467374,1.9773806884083307,0.8118521333234628,0.1747250745861482,0.4578572564273733,4.4516390189528465,8.095748813745256,85.16811389337641,0.0
title,name-only,seen,semantic,16,9904,994,0.26039983844911146,0.2520168618739903,0.26928513731825526,0.2603430104436141,2.838604899903818,0.9329121129109909,0.23351963283378144,0.5649604834197466,5.952742998488247,10.767882707295941,132.21843026386645,0.0
title,name-only,seen,semantic,32,9904,994,0.1801292407108239,0.17275343295638126,0.18710369547657513,0.17996231356392323,3.842437270916203,1.0210700707941087,0.2569576274031738,0.6860797547533778,9.361201334589472,15.046409812445447,226.57697226709743,0.0
title,name-only,seen,semantic,64,9904,994,0.09642568659127625,0.09046597334410339,0.10147415185783522,0.09614193095078406,6.108661928925202,1.1915741209689426,0.38597668515621225,0.833016234215707,10.769805521704257,17.3244874982629,283.1845718901454,0.0
title,name-only,unseen,hard,4,2480,248,0.4217741935483871,0.4028225806451613,0.4423487903225806,0.4217741935483871,1.3457820339227249,0.7101523455760989,0.15601821323349063,0.41978445432625866,3.5170833192144833,5.463946643673503,61.16102150537635,0.0
title,name-only,unseen,hard,8,2480,248,0.31451612903225806,0.2971774193548387,0.3326612903225806,0.31451612903225806,2.080293578352545,0.8577623649217476,0.2260361677918783,0.5134748689608006,4.222805495373905,7.272321519364288,84.43252688172042,0.0
title,name-only,unseen,hard,16,2480,248,0.24153225806451614,0.22419354838709676,0.2600806451612903,0.24153225806451611,2.8497288298804357,0.9584577867118764,0.2614337490287573,0.5858995627724319,5.609562659325698,9.610675692480674,130.95940860215052,0.0
title,name-only,unseen,hard,32,2480,248,0.18951612903225806,0.1737802419354839,0.20444556451612902,0.18951612903225806,3.683797028813421,1.0120815453366776,0.25678881201901627,0.6572563711295385,8.672263841920842,12.04261240782215,223.95806451612904,0.0
title,name-only,unseen,hard,64,2480,248,0.10120967741935484,0.08910282258064516,0.11330645161290323,0.10120967741935484,6.071326628410778,1.1862067821711826,0.3893693517287148,0.8175615884058396,10.26635415231188,13.06788390696359,282.8048387096774,0.0
title,name-only,unseen,random,4,2480,248,0.5084677419354838,0.48869959677419356,0.5278225806451613,0.5084677419354838,1.1542702221156254,0.6113664184202315,0.09331231855730825,0.30202401710454857,3.5170833192144833,5.463946643673503,61.16102150537635,0.0
title,name-only,unseen,random,8,2480,248,0.4088709677419355,0.38991935483870965,0.4282258064516129,0.4088709677419355,1.7720844669860478,0.7473055432741459,0.1414554081953188,0.3795842857562955,4.222805495373905,7.272321519364288,84.43252688172042,0.0
title,name-only,unseen,random,16,2480,248,0.3084677419354839,0.2911290322580645,0.3254032258064516,0.3084677419354839,2.5768237098052835,0.872787392137724,0.1938411825899359,0.48682689673309226,5.609562659325698,9.610675692480674,130.95940860215052,0.0
title,name-only,unseen,random,32,2480,248,0.225,0.20805443548387098,0.24193548387096775,0.225,3.322212269106181,0.9438135265734767,0.21290212889834592,0.5737219645465711,8.672263841920842,12.04261240782215,223.95806451612904,0.0
title,name-only,unseen,random,64,2480,248,0.12137096774193548,0.10846774193548388,0.1346774193548387,0.1213709677419355,5.61048293867029,1.143561212940833,0.3547890694838798,0.7673589933737534,10.26635415231188,13.06788390696359,282.8048387096774,0.0
title,name-only,unseen,semantic,4,2480,248,0.5173387096774194,0.49716733870967744,0.5375,0.5173387096774194,1.16397616493402,0.6082124080770525,0.07184802007590481,0.3017858409217553,3.5170833192144833,5.463946643673503,61.16102150537635,0.0
title,name-only,unseen,semantic,8,2480,248,0.38629032258064516,0.36774193548387096,0.4056451612903226,0.3862903225806452,1.872397417787367,0.7814008972316642,0.16722466386691656,0.4211888183299399,4.222805495373905,7.272321519364288,84.43252688172042,0.0
title,name-only,unseen,semantic,16,2480,248,0.3024193548387097,0.2846774193548387,0.3197681451612903,0.3024193548387097,2.5968520986869112,0.8831628267509583,0.21058362727034094,0.4962789795481939,5.609562659325698,9.610675692480674,130.95940860215052,0.0
title,name-only,unseen,semantic,32,2480,248,0.225,0.20887096774193548,0.24154233870967742,0.225,3.4111595891195527,0.95510723786515,0.2179573995040486,0.5874232878472327,8.672263841920842,12.04261240782215,223.95806451612904,0.0
title,name-only,unseen,semantic,64,2480,248,0.11209677419354838,0.1,0.125,0.1120967741935484,5.830606416780456,1.1695491954640074,0.37639970712692467,0.785978431180395,10.26635415231188,13.06788390696359,282.8048387096774,0.0
